{"cameraMode":{"drawMode":0,"name":"Shaded","section":"Shading Mode"},"sceneLighting":true,"audioPlay":false,"sceneViewState":{"showFog":true,"showMaterialUpdate":false,"showSkybox":true,"showFlares":true,"showImageEffects":true,"showParticleSystems":true},"in2DMode":false,"pivot":{"x":53.437686920166019,"y":1.1625022888183594,"z":52.12674331665039},"rotation":{"x":0.04920763149857521,"y":-0.9467735886573792,"z":0.1755213886499405,"w":0.26537781953811648},"size":1.8195788860321046,"orthographic":false}